{
    "common": {
        "appdaemon": "AppDaemon",
        "appdaemon_apps": "AppDaemon Apps",
        "background_task": "Hintergrundprozess läuft. Diese Seite lädt neu, sobald dieser fertig ist.",
        "installed": "Installiert",
        "integration": "Integration",
        "integrations": "Integrationen",
        "plugin": "Plugin",
        "plugins": "Plugins",
        "python_script": "Python Skript",
        "python_scripts": "Python Skripte",
        "repositories": "Repositories",
        "settings": "Einstellungen",
        "theme": "Theme",
        "themes": "Themes",
        "version": "Version"
    },
    "config": {
        "abort": {
            "single_instance_allowed": "Es ist nur eine einzelne HACS-Instanz erlaubt."
        },
        "error": {
            "auth": "Persönlicher Zugriffstoken ist falsch."
        },
        "step": {
            "user": {
                "data": {
                    "appdaemon": "AppDaemon App-Discovery & Tracking aktivieren.",
                    "python_script": "Python Script-Discovery & Tracking aktivieren",
                    "sidepanel_icon": "Sidepanel Symbol",
                    "sidepanel_title": "Sidepanel Titel",
                    "theme": "Theme-Discovery & Tracking aktivieren",
                    "token": "Persönlicher GitHub Zugriffstoken"
                },
                "description": "Wenn du Hilfe mit den Einstellungen brauchst, kannst du hier nachsehen: https:\/\/hacs.xyz\/docs\/configuration\/start\/",
                "title": "HACS (Home Assistant Community Store)"
            }
        },
        "title": "HACS (Home Assistant Community Store)"
    },
    "confirm": {
        "continue": "Bist du dir sicher, dass du fortfahren möchtest?",
        "delete": "Möchtest du \"{item}\" wirklich löschen?",
        "exsist": "{item} existiert bereits",
        "overwrite": "Dadurch wird die Datei überschrieben.",
        "uninstall": "Möchtest du \"{item}\" wirklich löschen?"
    },
    "options": {
        "step": {
            "user": {
                "data": {
                    "country": "Nach Ländercode filtern.",
                    "experimental": "Experimentelle Funktionen aktivieren",
                    "release_limit": "Anzahl anzuzeigender Releases."
                }
            }
        }
    },
    "repository_banner": {
        "integration_not_loaded": "Diese Integration ist nicht in Home Assistant geladen.",
        "not_loaded": "Nicht geladen",
        "plugin_not_loaded": "Dieses Plugin wurde deinen Lovelace-Ressourcen nicht hinzugefügt.",
        "restart": "Du musst Home Assistant neu starten.",
        "restart_pending": "Neustart ausstehend"
    },
    "repository": {
        "authors": "Autoren",
        "available": "Verfügbar",
        "back_to": "Zurück zu",
        "changelog": "Änderungsprotokoll",
        "flag_this": "Markieren",
        "hide": "Verstecken",
        "hide_beta": "Beta verstecken",
        "install": "Installieren",
        "installed": "Installiert",
        "lovelace_copy_example": "Beispiel in die Zwischenablage kopieren",
        "lovelace_instruction": "Wenn du dies in deine Lovelace Einstellungen hinzufügst, benutze dies",
        "lovelace_no_js_type": "Konnte die Art dieses Plugins nicht erkennen. Prüfe die Repository.",
        "newest": "neueste",
        "note_appdaemon": "Du musst deine Apps noch in deine 'apps.yaml' einfügen.",
        "note_installed": "Nach der Installation wird dies zu finden sein in",
        "note_integration": "Du musst dies noch deiner 'configuration.yaml' hinzufügen.",
        "note_plugin": "Du musst dies noch in deine Lovelace-Einstellungen ('ui-lovelace.yaml' oder UI-Einstellungseditor) hinzufügen.",
        "open_issue": "Problem eröffnen",
        "open_plugin": "Plugin öffnen",
        "reinstall": "Neu installieren",
        "repository": "Repository",
        "show_beta": "Beta anzeigen",
        "uninstall": "Deinstallieren",
        "update_information": "Aktualisierungsinformationen",
        "upgrade": "Aktualisieren"
    },
    "settings": {
        "add_custom_repository": "CUSTOM REPOSITORY HINZUFÜGEN",
        "category": "Kategorie",
        "custom_repositories": "CUSTOM REPOSITORIES",
        "delete": "Löschen",
        "display": "Anzeige",
        "grid": "Gitter",
        "hacs_repo": "HACS repo",
        "reload_data": "Daten neu laden",
        "save": "Speichern",
        "table": "Tabelle",
        "upgrade_all": "Alle aktualisieren"
    },
    "store": {
        "clear_new": "Leeren sie alle neuen Repositories",
        "new_repositories": "Neue Repositories",
        "placeholder_search": "Suchbegriff eingeben…"
    }
}