{
    "common": {
        "appdaemon": "AppDaemon",
        "appdaemon_apps": "Applications AppDaemon",
        "background_task": "Tache de fond en cours, cette page se rechargera une fois terminée",
        "installed": "installés",
        "integration": "Intégration",
        "integrations": "Intégrations",
        "plugin": "Plugin",
        "plugins": "Plugins",
        "python_script": "Script Python",
        "python_scripts": "Scripts Python",
        "repositories": "Dépôts",
        "settings": "paramètres",
        "theme": "Thème",
        "themes": "Thèmes",
        "version": "Version"
    },
    "config": {
        "abort": {
            "single_instance_allowed": "Une seule configuration de HACS est autorisée."
        },
        "error": {
            "auth": "Le jeton personnel d'accès est invalide."
        },
        "step": {
            "user": {
                "data": {
                    "appdaemon": "Activer la découverte et le suivi des applications AppDaemon",
                    "python_script": "Activer la découverte et le suivi des scripts python",
                    "sidepanel_icon": "Icône de la barre latérale",
                    "sidepanel_title": "Titre de la barre latérale",
                    "theme": "Activer la découverte et le suivi des thèmes",
                    "token": "Jeton d'accès personnel GitHub"
                },
                "description": "Si vous avez besoin d'aide pour la configuration, jetez un œil ici: https:\/\/hacs.xyz\/docs\/configuration\/start\/",
                "title": "HACS (Home Assistant Community Store)"
            }
        },
        "title": "HACS (Home Assistant Community Store)"
    },
    "confirm": {
        "delete": "Êtes-vous sûr de vouloir supprimer \"{item}\"?"
    },
    "options": {
        "step": {
            "user": {
                "data": {
                    "country": "Filtrer par code pays.",
                    "experimental": "Activer les fonctionnalités expérimentales",
                    "release_limit": "Nombre de recensés à afficher."
                }
            }
        }
    },
    "repository": {
        "authors": "Auteurs",
        "available": "Disponible",
        "back_to": "Retour",
        "changelog": "Change log",
        "flag_this": "Marquer",
        "hide": "Masquer",
        "hide_beta": "Masquer les bêta",
        "install": "Installer",
        "installed": "Installés",
        "lovelace_copy_example": "Copier cet exemple dans le presse-papier",
        "lovelace_instruction": "Quand vous l'ajoutez à votre configuration lovelace, utilisez",
        "lovelace_no_js_type": "Impossible de déterminer le type de plugin, veuillez vérifier le dépôt",
        "newest": "nouveau",
        "note_appdaemon": "vous devez toujours l'ajouter à votre fichier 'apps.yaml'",
        "note_installed": "Une fois installé, il se trouvera dans",
        "note_integration": "Vous devez toujours l'ajouter à votre fichier 'configuration.yaml'",
        "note_plugin": "Vous devez toujours l'ajouter à votre configuration lovelace ('ui-lovelace.yaml' ou l'éditeur de configuration de l'interface)",
        "open_issue": "Ouvrir un ticket",
        "open_plugin": "Ouvrir le plugin",
        "reinstall": "Réinstaller",
        "repository": "Dépôt",
        "show_beta": "Afficher les bêta",
        "uninstall": "Désinstaller",
        "update_information": "Mettre à jour les informations",
        "upgrade": "Mettre à jour"
    },
    "settings": {
        "add_custom_repository": "AJOUTER UN DÉPÔT PERSONNALISÉ",
        "category": "Catégorie",
        "custom_repositories": "DÉPÔTS PERSONNALISÉS",
        "delete": "Supprimer",
        "display": "Affichage",
        "grid": "Grille",
        "hacs_repo": "Dépôt HACS",
        "reload_data": "Recharger les données",
        "save": "Enregistrer",
        "table": "Tableau",
        "upgrade_all": "Tout mettre à jour"
    },
    "store": {
        "placeholder_search": "Veuillez entrer un terme de recherche..."
    }
}