{
    "common": {
        "appdaemon": "AppDaemon",
        "appdaemon_apps": "AppDaemon Apper",
        "background_task": "Bakgrunnsoppgaven kjører. Denne siden lastes inn på nytt når den er ferdig.",
        "installed": "Installert",
        "integration": "Integrering",
        "integrations": "Integrasjoner",
        "plugin": "Plugin",
        "plugins": "Plugins",
        "python_script": "Python-skript",
        "python_scripts": "Python-skript",
        "repositories": "Repositories",
        "settings": "Innstillinger",
        "theme": "Teama",
        "themes": "Temaer",
        "version": "Versjon"
    },
    "config": {
        "abort": {
            "single_instance_allowed": "Bare en konfigurasjon av HACS er tillatt."
        },
        "error": {
            "auth": "Personlig tilgangstoken er ikke korrekt."
        },
        "step": {
            "user": {
                "data": {
                    "appdaemon": "Aktiver oppdagelse og sporing av AppDaemon-apper",
                    "python_script": "Aktiver oppdagelse og sporing av python_scripts",
                    "sidepanel_icon": "Sidepanel ikon",
                    "sidepanel_title": "Sidepanel tittel",
                    "theme": "Aktiver oppdagelse og sporing av temaer",
                    "token": "GitHub Personal Access Token"
                },
                "description": "Hvis du trenger hjelp med konfigurasjonen, ta en titt her: https:\/\/hacs.xyz\/docs\/configuration\/start\/",
                "title": "HACS (Home Assistant Community Store)"
            }
        },
        "title": "HACS (Home Assistant Community Store)"
    },
    "confirm": {
        "continue": "Er du sikker på at du vil fortsette?",
        "delete": "Er du sikker på at du vil fjerne \"{item}\"?",
        "exsist": "{item} eksisterer",
        "overwrite": "Å gjøre dette vil overskrive det.",
        "uninstall": "Er du sikker på at du vil avinstallere \"{item}\"?"
    },
    "options": {
        "step": {
            "user": {
                "data": {
                    "country": "Filtrer med landskode.",
                    "experimental": "Aktiver eksperimentelle funksjoner",
                    "release_limit": "Antall utgivelser som skal vises."
                }
            }
        }
    },
    "repository_banner": {
        "integration_not_loaded": "Integrasjonen er ikke lastet inn i Home Assistant.",
        "not_loaded": "Ikke lastet inn",
        "plugin_not_loaded": "Denne pluginen er ikke lagt til i lovelace under \"resource\" delen av konfigurasjonen.",
        "restart": "Du må restart Home Assistant",
        "restart_pending": "Restart er nødvendig"
    },
    "repository": {
        "authors": "Laget av",
        "available": "Tilgjengelig",
        "back_to": "Tilbake til",
        "changelog": "Endringslogg",
        "flag_this": "Flag dette",
        "hide": "Skjul",
        "hide_beta": "Skjul beta",
        "install": "Installer",
        "installed": "Installert",
        "lovelace_copy_example": "Kopier eksemplet til utklippstavlen",
        "lovelace_instruction": "Når du legger til dette i lovelace-konfigurasjonen din, bruk dette",
        "lovelace_no_js_type": "Kunne ikke bestemme typen for denne plugin, sjekk repository.",
        "newest": "Nyeste",
        "note_appdaemon": "du må fortsatt legge den til i 'apps.yaml' filen",
        "note_installed": "Når det er installert, vil dette ligge i",
        "note_integration": "du må fortsatt legge den til 'configuration.yaml' filen",
        "note_plugin": "du må fortsatt legge den til i lovelace-konfigurasjonen ('ui-lovelace.yaml' eller den rå UI-konfigurasjonsredigereren)",
        "open_issue": "Meld et problem",
        "open_plugin": "Åpne plugin",
        "reinstall": "Installer på nytt",
        "repository": "Repository",
        "show_beta": "Vis beta",
        "uninstall": "Avinstaller",
        "update_information": "Oppdater informasjon",
        "upgrade": "Oppdater"
    },
    "settings": {
        "add_custom_repository": "LEGG TIL REPOSITORY",
        "category": "Kategori",
        "custom_repositories": "TILPASSEDE REPOSITORIER",
        "delete": "Slett",
        "display": "Vise",
        "grid": "Nett",
        "hacs_repo": "HACS repo",
        "reload_data": "Last inn data på nytt",
        "save": "Lagre",
        "table": "Tabell",
        "upgrade_all": "Oppgradere alle"
    },
    "store": {
        "clear_new": "Tøm nye repositories",
        "new_repositories": "Nye repositories",
        "placeholder_search": "Skriv inn et søkeord ..."
    }
}