{
    "common": {
        "appdaemon": "AppDaemon",
        "appdaemon_apps": "AppDaemon Apps",
        "background_task": "Achtergrond taak is draaiende, de pagina herhaalt zichzelf wanneer dit klaar is.",
        "installed": "geinstalleerd",
        "integration": "Integratie",
        "integrations": "Integraties",
        "plugin": "Plugin",
        "plugins": "Plugins",
        "python_script": "Python Script",
        "python_scripts": "Python Scripts",
        "repositories": "Repositories",
        "settings": "instellingen",
        "theme": "Thema",
        "themes": "Themas",
        "version": "Versie"
    },
    "config": {
        "abort": {
            "single_instance_allowed": "Je kunt maar een enkele configuratie van HACS tegelijk hebben."
        },
        "error": {
            "auth": "Persoonlijke Toegang Token is niet correct."
        },
        "step": {
            "user": {
                "data": {
                    "appdaemon": "Zet AppDaemon apps ontdekken & traceren aan",
                    "python_script": "Zet python_scripts ontdekken & traceren aan",
                    "sidepanel_icon": "Zijpaneel icoon",
                    "sidepanel_title": "Zijpaneel titel",
                    "theme": "Zet Themes ontdekken & traceren aan",
                    "token": "GitHub Persoonlijke Toegang Token"
                },
                "description": "Als je hulp nodig hebt met de configuratie, kun je hier verder kijken: https:\/\/hacs.xyz\/docs\/configuration\/start\/",
                "title": "HACS (Home Assistant Community Store)"
            }
        },
        "title": "HACS (Home Assistant Community Store)"
    },
    "confirm": {
        "delete": "Weet u zeker dat u \"{item}\" wilt verwijderen?"
    },
    "options": {
        "step": {
            "user": {
                "data": {
                    "country": "Filter met land code.",
                    "experimental": "Zet experimentele functies aan",
                    "release_limit": "Aantal releases om te laten zien."
                }
            }
        }
    },
    "repository": {
        "authors": "Auteurs",
        "available": "Beschikbaar",
        "back_to": "Terug naar",
        "changelog": "Changelog",
        "flag_this": "Vlag dit",
        "hide": "Verberg",
        "hide_beta": "Verberg beta",
        "install": "Installeer",
        "installed": "Geinstalleerd",
        "lovelace_copy_example": "Kopier het voorbeeld naar je klembord",
        "lovelace_instruction": "Wanneer je dit gaat toevoegen aan je lovelace configuratie gebruik dit",
        "lovelace_no_js_type": "Kon niet achterhalen welk type plugin dit is, check de repository van de plugin.",
        "newest": "nieuwste",
        "note_appdaemon": "je moet het nog steeds toevoegen aan je 'apps.yaml' bestand",
        "note_installed": "Wanneer geinstalleerd, deze zal staan in",
        "note_integration": "je moet het nog steeds toevoegen aan je 'configuration.yaml' bestand",
        "note_plugin": "je moet het nog steeds toevoegen aan je lovelace configuratie ('ui-lovelace.yaml') of raw UI config editor",
        "open_issue": "Meld probleem",
        "open_plugin": "Open plugin",
        "reinstall": "Herinstalleer",
        "repository": "Repository",
        "show_beta": "Laat beta zien",
        "uninstall": "Verwijder",
        "update_information": "Update informatie",
        "upgrade": "Update"
    },
    "settings": {
        "add_custom_repository": "VOEG EIGEN REPOSITORY TOE",
        "category": "Categorie",
        "custom_repositories": "EIGEN REPOSITORIES",
        "delete": "Verwijder",
        "display": "Weergave",
        "grid": "Rooster",
        "hacs_repo": "HACS repo",
        "reload_data": "Herlaad data",
        "save": "Opslaan",
        "table": "Tabel",
        "upgrade_all": "Upgrade alles"
    },
    "store": {
        "placeholder_search": "Typ iets om te zoeken..."
    }
}