{
    "common": {
        "appdaemon": "AppDaemon",
        "appdaemon_apps": "Приложения AppDaemon",
        "background_task": "Выполняется фоновая задача, страница перезагрузится по готовности.",
        "installed": "установлено",
        "integration": "Интеграция",
        "integrations": "Интеграции",
        "plugin": "Плагин",
        "plugins": "Плагины",
        "python_script": "Скрипт Python",
        "python_scripts": "Скрипты Python",
        "repositories": "Репозитории",
        "settings": "настройки",
        "theme": "Тема",
        "themes": "Темы",
        "version": "Версия"
    },
    "config": {
        "abort": {
            "single_instance_allowed": "Разрешена только одна настройка HACS."
        },
        "error": {
            "auth": "Неверный токен персонального доступа."
        },
        "step": {
            "user": {
                "data": {
                    "appdaemon": "Включить поиск и отслеживание приложений AppDaemon",
                    "python_script": "Включить поиск и отслеживание скриптов Python",
                    "sidepanel_icon": "Иконка в боковом меню",
                    "sidepanel_title": "Название в боковом меню",
                    "theme": "Включить поиск и отслеживание тем",
                    "token": "GitHub-токен персонального доступа"
                },
                "description": "Если вам нужна помощь с настройкой, посмотрите: https:\/\/hacs.xyz\/docs\/configuration\/start\/",
                "title": "HACS (Home Assistant Community Store)"
            }
        },
        "title": "HACS (Home Assistant Community Store)"
    },
    "confirm": {
        "continue": "Вы уверены, что хотите продолжить?",
        "delete": "Вы уверены, что хотите удалить \"{item}\"?",
        "exsist": "{item} уже существует.",
        "overwrite": "После подтверждения файлы будут перезаписаны.",
        "uninstall": "Вы уверены, что хотите удалить \"{item}\"?"
    },
    "options": {
        "step": {
            "user": {
                "data": {
                    "country": "Фильтр с кодом страны.",
                    "experimental": "Включить экспериментальные функции",
                    "release_limit": "Число доступных версий."
                }
            }
        }
    },
    "repository_banner": {
        "integration_not_loaded": "Эта интеграция не загружена в Home Assistant.",
        "not_loaded": "Не загружено",
        "plugin_not_loaded": "Этот плагин не добавлен к ресурсам Lovelace.",
        "restart": "Вам нужно перезапустить Home Assistant.",
        "restart_pending": "Ожидается перезапуск"
    },
    "repository": {
        "authors": "Авторы",
        "available": "Доступно",
        "back_to": "Назад к",
        "changelog": "Изменения",
        "flag_this": "Пожаловаться",
        "hide": "Скрыть",
        "hide_beta": "Скрыть бета",
        "install": "Установить",
        "installed": "Установлено",
        "lovelace_copy_example": "Скопируйте пример в буфер обмена",
        "lovelace_instruction": "Для добавления в конфигурацию Lovelace, используйте",
        "lovelace_no_js_type": "Не удалось определить тип этого плагина, проверьте репозиторий.",
        "newest": "новейшая",
        "note_appdaemon": "вам всё ещё нужно добавить код для настройки приложения в файл 'apps.yaml'",
        "note_installed": "После установки, файлы будут расположены в",
        "note_integration": "вам всё ещё нужно добавить код для настройки интеграции в файл 'configuration.yaml'",
        "note_plugin": "вам всё ещё нужно добавить код для настройки плагина в конфигурацию Lovelace ('ui-lovelace.yaml')",
        "open_issue": "Сообщить о проблеме",
        "open_plugin": "Открыть плагин",
        "reinstall": "Переустановить",
        "repository": "Репозиторий",
        "show_beta": "Показать бета",
        "uninstall": "Удалить",
        "update_information": "Обновить информацию",
        "upgrade": "Обновить"
    },
    "settings": {
        "add_custom_repository": "ДОБАВИТЬ СВОЙ РЕПОЗИТОРИЙ",
        "category": "Категория",
        "custom_repositories": "СВОИ РЕПОЗИТОРИИ",
        "delete": "Удалить",
        "display": "Вид",
        "grid": "Сетка",
        "hacs_repo": "Репоз. HACS",
        "reload_data": "Перезагрузить",
        "save": "Сохранить",
        "table": "Таблица",
        "upgrade_all": "Обновить всё"
    },
    "store": {
        "clear_new": "Очистить все новые репозитории",
        "new_repositories": "Новые репозитории",
        "placeholder_search": "Пожалуйста, введите условие для поиска..."
    }
}