{
    "common": {
        "appdaemon": "AppDaemon",
        "appdaemon_apps": "AppDaemon Aplikacije",
        "background_task": "v ozadju se izvaja naloga, ko se konča, se bo stran osvežila.",
        "installed": "Nameščeno",
        "integration": "Integracija",
        "integrations": "Integracije",
        "plugin": "vtičnik",
        "plugins": "Vtičniki",
        "python_script": "Python skripta",
        "python_scripts": "Python skripte",
        "repositories": "Repozitoriji",
        "settings": "nastavitve",
        "theme": "Tema",
        "themes": "Teme",
        "version": "Različica"
    },
    "config": {
        "abort": {
            "single_instance_allowed": "Dovoljena je samo ena konfiguracija HACS."
        },
        "error": {
            "auth": "Osebni dostopni žeton ni pravilen."
        },
        "step": {
            "user": {
                "data": {
                    "appdaemon": "Omogoči odkrivanje in sledenje aplikacij AppDaemon",
                    "python_script": "Omogoči odkrivanje in sledenje python_scripts",
                    "sidepanel_icon": "Ikona stranske plošče",
                    "sidepanel_title": "Naslov stranske plošče",
                    "theme": "Omogoči odkrivanje in sledenje tem",
                    "token": "GitHub žeton za osebni dostop"
                },
                "description": "Če potrebujete pomoč pri konfiguraciji, poglejte tukaj: https:\/\/hacs.xyz\/docs\/configuration\/start\/",
                "title": "HACS (Home Assistant Community Store)"
            }
        },
        "title": "HACS (Home Assistant Community Store)"
    },
    "confirm": {
        "delete": "Ali ste prepričani, da želite izbrisati \"{item}\"?"
    },
    "options": {
        "step": {
            "user": {
                "data": {
                    "country": "Filtrirajte s kodo države.",
                    "experimental": "Omogočite poskusne funkcije",
                    "release_limit": "Število izdaj, ki jih želite prikazati."
                }
            }
        }
    },
    "repository": {
        "authors": "Avtorji",
        "available": "Na voljo",
        "back_to": "Nazaj na",
        "changelog": "Dnevnik sprememb",
        "flag_this": "Označite to",
        "hide": "Skrij",
        "hide_beta": "Skrij različico beta",
        "install": "Namestite",
        "installed": "Nameščeno",
        "lovelace_copy_example": "Kopirajte primer v odložišče",
        "lovelace_instruction": "Ko ga boste dodajali v svojo lovelace konfiguracijo uporabite to:",
        "lovelace_no_js_type": "Ni bilo mogoče določiti vrsto tega vtičnika, preverite repozitorij.",
        "newest": "najnovejše",
        "note_appdaemon": "Še vedno ga morate dodati v svojo 'apps.yaml' datoteko",
        "note_installed": "Ko bo nameščen, se bo nahajal v",
        "note_integration": "Še vedno ga morate dodati v svojo 'configuration.yaml' datoteko",
        "note_plugin": "vendar ga še vedno morate dodati v svojo lovelace konfiguracijo ('ui-lovelace.yaml \" ali \"raw\" UI config urejevalnik)",
        "open_issue": "Odprite težavo",
        "open_plugin": "Odprite vtičnik",
        "reinstall": "Znova namestite",
        "repository": "Repozitorij",
        "show_beta": "Pokaži različico beta",
        "uninstall": "Odstranite",
        "update_information": "Posodobite podatke",
        "upgrade": "Nadgradnja"
    },
    "settings": {
        "add_custom_repository": "DODAJTE SVOJ REPOZITORIJ",
        "category": "Kategorija",
        "custom_repositories": "VAŠI REPOZITORIJI",
        "delete": "Izbriši",
        "display": "Prikaz",
        "grid": "Mreža",
        "hacs_repo": "HACS repo",
        "reload_data": "Ponovno naloži podatke",
        "save": "Shranite",
        "table": "Tabela",
        "upgrade_all": "Nadgradite vse"
    },
    "store": {
        "placeholder_search": "Prosim vnesite iskalni izraz ..."
    }
}