{
    "common": {
        "appdaemon": "AppDaemon",
        "appdaemon_apps": "Appdaemon Applikationer",
        "background_task": "Bakgrundsjobb körs, denna sida kommer att laddas igen när det är klart.",
        "installed": "installerad",
        "integration": "Integration",
        "integrations": "Integrationer",
        "plugin": "Plugin",
        "plugins": "Plugins",
        "python_script": "Python skript",
        "python_scripts": "Python skript",
        "repositories": "Repositories",
        "settings": "inställningar",
        "theme": "Tema",
        "themes": "Teman",
        "version": "Version"
    },
    "config": {
        "abort": {
            "single_instance_allowed": "Endast en konfiguration kan användas i HACS."
        },
        "error": {
            "auth": "Personal Access Token är inte korrekt."
        },
        "step": {
            "user": {
                "data": {
                    "appdaemon": "Upptäck och följ Appdaemon applikationer",
                    "python_script": "Upptäck och följ python_scripts",
                    "sidepanel_icon": "Ikon för sidpanel",
                    "sidepanel_title": "Rubrik för sidpanel",
                    "theme": "Upptäck och följ teman",
                    "token": "GitHub Personal Access Token"
                },
                "description": "Om du behöver hjälp med konfigurationen, se här: https:\/\/hacs.xyz\/docs\/configuration\/start\/",
                "title": "HACS (Home Assistant Community Store)"
            }
        },
        "title": "HACS (Home Assistant Community Store)"
    },
    "confirm": {
        "delete": "Är du säker på att du vill ta bort \"{item}\"?"
    },
    "options": {
        "step": {
            "user": {
                "data": {
                    "country": "Filtrera på landskod.",
                    "experimental": "Använd experimentella funktioner",
                    "release_limit": "Antalet releaser som visas."
                }
            }
        }
    },
    "repository": {
        "authors": "Författare",
        "available": "Tillgänglig",
        "back_to": "Tillbaka till",
        "changelog": "Ändringslogg",
        "flag_this": "Flagga denna",
        "hide": "Göm",
        "hide_beta": "Göm betaversioner",
        "install": "Installera",
        "installed": "Installerad",
        "lovelace_copy_example": "Kopiera exemplet till urklipp",
        "lovelace_instruction": "När du lägger till denna till din lovelace konfiguration, använd",
        "lovelace_no_js_type": "Kan inte avgöra villken typ av plugin, kontrollera i GIT \nrepository",
        "newest": "nyaste",
        "note_appdaemon": "du behöver fortfarande lägga till den till filen 'apps.yaml'",
        "note_installed": "När den är installerad kommer den finnas i",
        "note_integration": "du behöver fortfarande lägga den till filen 'configuration.yaml'",
        "note_plugin": "du behöver fortfarande lägga till den till din lovelace konfiguration ('ui-lovelace.yaml' eller raw UI config redigerare)",
        "open_issue": "Rapportera problem",
        "open_plugin": "Öppna plugin",
        "reinstall": "Ominstallera",
        "repository": "Repository",
        "show_beta": "Visa betaversioner",
        "uninstall": "Avinstallera",
        "update_information": "Uppdatera information",
        "upgrade": "Uppdatera"
    },
    "settings": {
        "add_custom_repository": "LÄGG TILL ETT REPOSITORY",
        "category": "Kategori",
        "custom_repositories": "REPOSITORIES",
        "delete": "Ta bort",
        "display": "Visa",
        "grid": "Rutnät",
        "hacs_repo": "HACS repo",
        "reload_data": "Ladda om data",
        "save": "Spara",
        "table": "Tabell",
        "upgrade_all": "Uppgradera alla"
    },
    "store": {
        "placeholder_search": "Skriv ett sökord..."
    }
}